rep_i,rand_score
0,0.3229618173418764
1,0.41868864832757724
2,0.29036194030059687
3,0.34280823953680417
